idx,t,px,py,pz,vx,vy,vz,ax,ay,az,yaw,mode,ledr,ledg,ledb
0,0.0,-2.0,-2.0,-10.0,2.585786437626905,0.5505102572168221,-0.5,0.2981881585886561,0.3334643389987393,0.0,0.0,70,255,255,255
1,1.0,0.5857864376269049,-1.4494897427831779,-10.5,2.883974596215561,0.8839745962155614,-0.5,0.5606601717798212,0.38001052590083595,0.0,0.2617993877991494,70,255,255,255
2,2.0,3.7679491924311224,-0.2320508075688772,-11.0,3.7071067811865475,1.310531309018494,-0.5,0.7990381056766578,0.1830127018922192,0.0,0.5235987755982988,70,255,255,255
3,3.0,8.0,1.1715728752538102,-11.5,4.482050807568877,1.2499999999999998,-0.5,0.5000000000000002,-0.560531309018494,0.0,0.7853981633974483,70,255,255,255
4,4.0,12.732050807568877,2.2679491924311224,-12.0,4.707106781186548,0.18946869098150598,-0.5,0.07596189432334244,-1.1919872981077804,0.0,1.0471975511965976,70,255,255,255
5,5.0,17.414213562373096,1.5505102572168221,-12.5,4.633974596215562,-1.1339745962155612,-0.5,-0.09473434549075321,-0.8359153003882323,0.0,1.3089969389957472,70,255,255,255
6,6.0,22.0,0.0,-13.0,4.5176380902050415,-1.4823619097949585,-0.5,-0.13397459621556207,-0.11602540378443882,0.0,1.5707963267948966,70,255,255,255
7,7.0,26.44948974278318,-1.414213562373095,-13.5,4.3660254037844375,-1.3660254037844388,-0.5,-0.16408469961176753,0.09473434549075299,0.0,1.8325957145940461,70,255,255,255
8,8.0,30.732050807568875,-2.7320508075688776,-14.0,4.189468690981506,-1.2928932188134525,-0.5,-0.18301270189221874,0.29903810567665823,0.0,2.0943951023931953,70,255,255,255
9,9.0,34.82842712474619,-4.0,-14.5,4.0,-0.7679491924311224,-0.5,-0.18946869098150643,0.9999999999999999,0.0,2.356194490192345,70,255,255,255
10,10.0,38.732050807568875,-4.267949192431122,-15.0,3.8105313090184936,0.7071067811865472,-0.5,-0.18301270189221874,1.4509618943233418,0.0,2.6179938779914944,70,255,255,255
11,11.0,42.44948974278318,-2.5857864376269055,-15.5,3.6339745962155625,2.133974596215561,-0.5,-0.16408469961176841,1.1552656545092472,0.0,2.8797932657906435,70,255,255,255
12,12.0,46.0,-2.220446049250313e-16,-16.0,3.4823619097949567,3.017638090205042,-0.5,-0.1339745962155625,0.6160254037844388,0.0,3.141592653589793,70,255,255,255
13,13.0,49.41421356237309,3.4494897427831783,-16.5,3.3660254037844375,3.366025403784439,-0.5,-0.09473434549075144,0.3359153003882318,0.0,3.4033920413889427,70,255,255,255
14,14.0,52.732050807568875,6.732050807568878,-17.0,3.292893218813454,3.6894686909815055,-0.5,-0.04903810567665623,0.3169872981077806,0.0,3.6651914291880923,70,255,255,255
15,15.0,56.0,10.82842712474619,-17.5,3.267949192431125,4.0,-0.5,0.0,0.06053130901849446,0.0,3.9269908169872414,70,255,255,255
16,16.0,59.267949192431125,14.732050807568879,-18.0,3.292893218813454,3.8105313090184945,-0.5,0.04903810567665623,-0.18301270189221963,0.0,4.1887902047863905,70,255,255,255
17,17.0,62.58578643762691,18.44948974278318,-18.5,3.3660254037844375,3.6339745962155607,-0.5,0.09473434549075321,-0.16408469961176797,0.0,4.4505895925855405,70,255,255,255
18,18.0,66.0,22.0,-19.0,3.4823619097949603,3.4823619097949585,-0.5,0.13397459621556074,-0.13397459621556074,0.0,4.71238898038469,70,255,255,255
19,19.0,69.55051025721683,25.414213562373096,-19.5,3.633974596215559,3.3660254037844393,-0.5,0.16408469961176664,-0.09473434549075321,0.0,4.974188368183839,70,255,255,255
20,20.0,73.26794919243112,28.73205080756888,-20.0,3.8105313090184936,3.292893218813452,-0.5,0.18301270189222052,-0.049038105676658006,0.0,5.235987755982989,70,255,255,255
21,21.0,77.17157287525382,32.0,-20.5,4.0,3.2679491924311233,-0.5,0.18946869098150643,8.881784197001252e-16,0.0,5.497787143782138,70,255,255,255
22,22.0,81.26794919243112,35.267949192431125,-21.0,4.189468690981506,3.292893218813454,-0.5,0.18301270189222052,0.04903810567665712,0.0,5.759586531581287,70,255,255,255
23,23.0,85.55051025721683,38.58578643762691,-21.5,4.366025403784441,3.3660254037844375,-0.5,0.16408469961176664,0.09473434549075144,0.0,6.021385919380437,70,255,255,255
24,24.0,90.0,42.0,-22.0,4.51763809020504,3.4823619097949567,-0.5,0.13397459621555896,0.1339745962155625,0.0,0.0,70,255,255,255
25,25.0,94.58578643762691,45.55051025721682,-22.5,4.633974596215559,3.6339745962155625,-0.5,0.09473434549075321,0.16408469961176841,0.0,0.2617993877991494,70,255,255,255
26,26.0,99.26794919243112,49.267949192431125,-23.0,4.707106781186546,3.8105313090184936,-0.5,0.04903810567666156,0.18301270189221874,0.0,0.5235987755982988,70,255,255,255
27,27.0,104.0,53.17157287525381,-23.5,4.732050807568882,4.0,-0.5,0.0,0.18946869098150643,0.0,0.7853981633974483,70,255,255,255
28,28.0,108.73205080756888,57.267949192431125,-24.0,4.707106781186546,4.189468690981506,-0.5,-0.04903810567666156,0.18301270189221874,0.0,1.0471975511965976,70,255,255,255
29,29.0,113.41421356237309,61.55051025721682,-24.5,4.633974596215559,4.3660254037844375,-0.5,-0.060660171779819194,0.13001052590083617,0.0,1.3089969389957472,70,255,255,255
30,30.0,118.0,66.0,-25.0,4.585786437626908,4.449489742783179,-0.5,-0.04818815858865122,0.08346433899874128,0.0,1.5707963267948966,70,255,255,255
